"","aaSeqCDR3","degree","cluster_id","transitivity","closeness","centrality_by_closeness","eigen_centrality","centrality_by_eigen","betweenness","centrality_by_betweenness","authority_score","coreness","page_rank"
"2","CASSDSQNTLYF",5,"3",0.3,0.0227272727272727,0.431818181818182,0,0,68.5,68.5,0,2,0.0126838373135176
"3","CASSDPENTLYF",5,"3",0.6,0.0172413793103448,0.327586206896552,0,0,7,7,0,4,0.010984090337384
"4","CASSDAQNTLYF",4,"3",0.333333333333333,0.0192307692307692,0.365384615384615,0,0,17.5,17.5,0,2,0.0099232887126336
"5","CASKGGSYEQYF",1,"13",NA,0.333333333333333,0.666666666666667,6.86285986121954e-17,1.84099075511141e-17,0,0,4.7559938249906e-17,1,0.00658350658350658
"6","CASSGDNYEQYF",4,"1",0.333333333333333,0.0256410256410256,0.461538461538462,0.413981329625762,0.413981329625762,24,24,0.413981329625762,2,0.0105941288350077
"7","CASSDDTYEQYF",6,"2",0.4,0.0277777777777778,0.5,0.916680739478718,0.916680739478719,32,32,0.916680739478719,4,0.0145495731972972
"10","CASSDASYTEVFF",1,"25",NA,1,1,3.41359477679006e-17,6.72805258686759e-17,0,0,3.05742460177967e-17,1,0.00854700854700855
"11","CASSDDKNTLYF",2,"12",0,0.5,1,6.97832933681653e-17,7.53329034574333e-17,1,1,4.7559938249906e-17,1,0.0124740124740125
"12","CASSRRDREGAPLF",1,"30",NA,1,1,3.69328284320309e-17,3.53366229054898e-17,0,0,3.05742460177967e-17,1,0.00854700854700855
"13","CASSGDTYEQYF",3,"1",0.333333333333333,0.0232558139534884,0.418604651162791,0.333497371334121,0.333497371334121,12,12,0.333497371334121,2,0.00818545748701701
"14","CASSDDKYEQYF",6,"2",0.4,0.027027027027027,0.486486486486487,0.909117446296221,0.90911744629622,37,37,0.909117446296221,4,0.0145327161502074
"15","CASSDDNYEQYF",7,"2",0.333333333333333,0.03125,0.5625,1,1,68,68,1,4,0.0168409701664783
"17","CASSSDKYEQYF",1,"2",NA,0.0185185185185185,0.333333333333333,0.201471650253006,0.201471650253006,0,0,0.201471650253006,1,0.003340852736664
"18","CASSDWGTNTGQLYF",1,"20",NA,1,1,4.21780940486059e-17,5.01179813104955e-17,0,0,3.05742460177967e-17,1,0.00854700854700855
"19","CASSDGTYEQYF",1,"2",NA,0.0188679245283019,0.339622641509434,0.203147769400244,0.203147769400244,0,0,0.203147769400244,1,0.00334324081833505
"20","CASSSDWGYEQYF",3,"5",0,0.2,0.8,2.85395986318204e-17,9.44021925848296e-17,5,5,4.07656613570623e-17,1,0.0152802468938583
"21","CASSDPSNTLYF",4,"3",1,0.0169491525423729,0.322033898305085,0,0,0,0,0,4,0.00875605473083033
"25","CASKGGTYEQYF",2,"13",0,0.5,1,4.59980226950827e-17,1.08395836668647e-16,1,1,4.7559938249906e-17,1,0.0124740124740125
"30","CASSDDIYEQYF",5,"2",0.6,0.0263157894736842,0.473684210526316,0.871324795209793,0.871324795209793,20.5,20.5,0.871324795209793,4,0.0117418396700468
"32","CASSDPLNTLYF",4,"3",1,0.0169491525423729,0.322033898305085,0,0,0,0,0,4,0.00875605473083033
"34","CASSDQGANERLFF",2,"8",0,0.5,1,4.2485928895474e-17,1.04020416587653e-16,1,1,4.7559938249906e-17,1,0.0124740124740125
"35","CASSDPGNTLYF",5,"3",0.6,0.0192307692307692,0.365384615384615,0,0,28,28,0,4,0.0111730363556918
"39","CASSDDTGQLYF",1,"26",NA,1,1,2.81708943504031e-17,4.41927051504682e-17,0,0,3.05742460177967e-17,1,0.00854700854700855
"40","CASSDWGTDTGQLYF",1,"20",NA,1,1,4.26332368034458e-17,4.30533898973075e-17,0,0,3.05742460177967e-17,1,0.00854700854700855
"43","CASSTDWGYEQYF",1,"5",NA,0.125,0.5,2.2232820169337e-17,3.08504879106099e-17,0,0,2.03828306785311e-17,1,0.00561145456864447
"45","CASGTSSYEQYF",1,"16",NA,1,1,3.96797221929304e-17,4.5679582547949e-17,0,0,3.05742460177967e-17,1,0.00854700854700855
"46","CASSDPQNTLYF",6,"3",0.466666666666667,0.0192307692307692,0.365384615384615,0,0,24,24,0,4,0.0130350372752097
"48","CASSDQGSNERLFF",1,"8",NA,0.333333333333333,0.666666666666667,5.41435762022804e-17,1.26589413757116e-17,0,0,4.7559938249906e-17,1,0.00658350658350658
"56","CASSDRPNTEVFF",1,"9",NA,0.333333333333333,0.666666666666667,5.66457573542212e-17,1.1377340858355e-17,0,0,4.7559938249906e-17,1,0.00658350658350658
"57","CASSDEKYEQYF",3,"2",0.333333333333333,0.02,0.36,0.293481714333507,0.293481714333507,9.5,9.5,0.293481714333507,2,0.0081246977481684
"58","CASSDEQYEQYF",2,"2",1,0.0153846153846154,0.276923076923077,0.128558978509601,0.128558978509601,0,0,0.128558978509601,2,0.00587220630797899
"63","CASSDPGNSDYTF",1,"6",NA,0.166666666666667,0.5,6.20218828693307e-17,1.44008981146533e-17,0,0,3.39713844642186e-17,1,0.00599790073474284
"67","CASSDQGANTEVFF",1,"36",NA,1,1,2.88588172545603e-17,5.32322619823407e-17,0,0,3.05742460177967e-17,1,0.00854700854700855
"73","CASSGNRYEQYF",1,"1",NA,0.0147058823529412,0.264705882352941,0.0386062281888968,0.0386062281888969,0,0,0.0386062281888969,1,0.0038730155732941
"75","CASSGDRYEQYF",3,"1",0.333333333333333,0.0196078431372549,0.352941176470588,0.174206125467994,0.174206125467995,17,17,0.174206125467994,2,0.00914457985144522
"83","FASSDDNYEQYF",1,"2",NA,0.0204081632653061,0.36734693877551,0.221612346208742,0.221612346208743,0,0,0.221612346208743,1,0.00332702623083793
"84","CASGEYTEVFF",1,"28",NA,1,1,2.51449269242056e-17,3.9040265636608e-17,0,0,3.05742460177967e-17,1,0.00854700854700855
"85","CASSLDWSYEQYF",1,"27",NA,1,1,3.99149821215623e-17,3.89250912598318e-17,0,0,3.05742460177967e-17,1,0.00854700854700855
"86","CASSDDRNTLYF",1,"12",NA,0.333333333333333,0.666666666666667,6.12352505508088e-17,8.25990974083378e-18,0,0,4.7559938249906e-17,1,0.00658350658350658
"101","CASSDASYTEVF",1,"25",NA,1,1,3.12889178345601e-17,3.04342779033795e-17,0,0,3.05742460177967e-17,1,0.00854700854700855
"111","CASSGNTEVFF",2,"11",0,0.5,1,7.2776378331791e-17,7.71078725663914e-17,1,1,4.7559938249906e-17,1,0.0124740124740125
"117","CASSGTGGYEQYF",1,"33",NA,1,1,2.51117039724679e-17,5.86967443793532e-17,0,0,3.05742460177967e-17,1,0.00854700854700855
"121","CASRDSSGNTLYF",2,"4",0,0.0123456790123457,0.234567901234568,1.43711185229753e-17,0,34,34,2.71771075713748e-17,1,0.00875461216919364
"134","CASSDIGGYEQYF",2,"10",0,0.5,1,4.54798670253109e-17,1.05264362786204e-16,1,1,4.7559938249906e-17,1,0.0124740124740125
"143","CASSSDTNYEQYF",1,"5",NA,0.111111111111111,0.444444444444444,5.42464971651806e-17,0,0,0,3.39713844642186e-17,1,0.00574077412716271
"151","CASSGQGSAETLYF",1,"22",NA,1,1,3.6903219578954e-17,4.6039398295199e-17,0,0,3.05742460177967e-17,1,0.00854700854700855
"152","CASSDDMYEQYF",4,"2",1,0.025,0.45,0.819328098038287,0.819328098038287,0,0,0.819328098038287,4,0.00944312996564237
"158","CASSSDWGFEQYF",1,"5",NA,0.125,0.5,9.52859219348796e-18,4.47477114030469e-17,0,0,2.03828306785311e-17,1,0.00561145456864447
"167","CASRRGSAETLYF",1,"19",NA,1,1,2.33966755079936e-17,4.91685117326293e-17,0,0,3.05742460177967e-17,1,0.00854700854700855
"177","CASSDAENTLYF",2,"3",0,0.0153846153846154,0.292307692307692,0,0,1.5,1.5,0,2,0.0052580454908412
"189","CASGVGNERLFF",1,"17",NA,1,1,3.23946083128908e-17,5.63672473560765e-17,0,0,3.05742460177967e-17,1,0.00854700854700855
"191","CASSGDRNTEVFF",1,"9",NA,0.333333333333333,0.666666666666667,6.01838623621553e-17,1.28986852961561e-17,0,0,4.7559938249906e-17,1,0.00658350658350658
"193","CASRGTSQNTLYF",1,"18",NA,1,1,2.50428903340707e-17,3.92260607294124e-17,0,0,3.05742460177967e-17,1,0.00854700854700855
"206","CASSAGQGSAETLYF",1,"22",NA,1,1,3.27598796912141e-17,5.40975174558363e-17,0,0,3.05742460177967e-17,1,0.00854700854700855
"213","CASSDIYNSPLYF",2,"7",1,0.5,1,0,4.17888835565328e-17,0,0,2.71771075713748e-17,2,0.00854700854700855
"227","CASSAGGNSDYTF",2,"6",0,0.25,0.75,5.98398694930278e-17,7.71495917666674e-17,2,2,4.41627998034841e-17,1,0.0110961163592743
"229","CASSPGTANTEVFF",1,"32",NA,1,1,2.97144829778302e-17,5.14877272585667e-17,0,0,3.05742460177967e-17,1,0.00854700854700855
"230","CASSDAVGNTLYF",1,"21",NA,1,1,4.50002601790787e-17,5.68182928237845e-17,0,0,3.05742460177967e-17,1,0.00854700854700855
"231","CASGDGAGYEQYF",1,"37",NA,1,1,3.72351043070853e-17,3.52010024997746e-17,0,0,3.05742460177967e-17,1,0.00854700854700855
"236","CASSWDRGNTEVFF",1,"15",NA,1,1,4.59119378662044e-17,4.60219097367809e-17,0,0,3.05742460177967e-17,1,0.00854700854700855
"240","CASSGDSAETLYF",1,"14",NA,1,1,2.43319015305663e-17,4.7408771819796e-17,0,0,3.05742460177967e-17,1,0.00854700854700855
"247","CASSDRNTEVFF",2,"9",0,0.5,1,4.73075947789453e-17,8.3021233140281e-17,1,1,4.7559938249906e-17,1,0.0124740124740125
"256","CASRRGQSAETLYF",1,"19",NA,1,1,2.44467353287063e-17,4.86223641119138e-17,0,0,3.05742460177967e-17,1,0.00854700854700855
"262","CASGDLAGYEQYF",1,"37",NA,1,1,4.08119950517378e-17,4.06884873684425e-17,0,0,3.05742460177967e-17,1,0.00854700854700855
"272","CASSDEIYEQYF",3,"2",0.333333333333333,0.0196078431372549,0.352941176470588,0.286625760312819,0.286625760312819,8,8,0.286625760312819,2,0.00807584940216468
"274","CASSSGTANSDYTF",1,"35",NA,1,1,2.13476513175995e-17,5.17870371555642e-17,0,0,3.05742460177967e-17,1,0.00854700854700855
"278","CASKGGTNEQYF",1,"13",NA,0.333333333333333,0.666666666666667,6.67644020735999e-17,2.43115408514381e-17,0,0,4.7559938249906e-17,1,0.00658350658350658
"282","CASSERANERLFF",1,"34",NA,1,1,1.9733498934675e-17,4.39143617209101e-17,0,0,3.05742460177967e-17,1,0.00854700854700855
"290","CASSGTGRYEQYF",1,"33",NA,1,1,3.67992758723796e-17,5.22081531197068e-17,0,0,3.05742460177967e-17,1,0.00854700854700855
"292","CASSPGQANTEVFF",1,"32",NA,1,1,4.4807344781729e-17,5.68556126939509e-17,0,0,3.05742460177967e-17,1,0.00854700854700855
"295","CASSDSANTEVFF",1,"31",NA,1,1,3.62648023110806e-17,5.59476671091969e-17,0,0,3.05742460177967e-17,1,0.00854700854700855
"296","CASSGQQDTQYF",1,"29",NA,1,1,3.04253762251022e-17,3.96922779136543e-17,0,0,3.05742460177967e-17,1,0.00854700854700855
"297","CASSGTNTEVFF",1,"11",NA,0.333333333333333,0.666666666666667,6.81785359132934e-17,1.8072011835553e-17,0,0,4.7559938249906e-17,1,0.00658350658350658
"300","CASSSDWNYEQYF",2,"5",0,0.166666666666667,0.666666666666667,0,1.06588032427902e-16,3,3,2.3779969124953e-17,1,0.0104911125767328
"305","CASSDIQGYEQYF",1,"10",NA,0.333333333333333,0.666666666666667,5.97568358647753e-17,1.08724503131427e-17,0,0,4.7559938249906e-17,1,0.00658350658350658
"311","CASGQYTEVFF",1,"28",NA,1,1,4.33345449540428e-17,5.02270406304188e-17,0,0,3.05742460177967e-17,1,0.00854700854700855
"329","CASSDRGANERLFF",1,"8",NA,0.333333333333333,0.666666666666667,4.8880571126814e-17,3.32024374827597e-17,0,0,4.7559938249906e-17,1,0.00658350658350658
"346","CASSRDTGQLYF",1,"26",NA,1,1,4.25747773912695e-17,4.88238859928347e-17,0,0,3.05742460177967e-17,1,0.00854700854700855
"350","CASSDASQNTLYF",4,"3",0.333333333333333,0.0185185185185185,0.351851851851852,0,0,36,36,0,2,0.0113114610495158
"358","CASSGLQDTQYF",1,"29",NA,1,1,2.4160905166865e-17,3.24324005898642e-17,0,0,3.05742460177967e-17,1,0.00854700854700855
"368","CASDDKNTLYF",1,"12",NA,0.333333333333333,0.666666666666667,6.09188534338285e-17,6.74941127869443e-18,0,0,4.7559938249906e-17,1,0.00658350658350658
"376","CASSDGASQNTLYF",2,"3",0,0.0142857142857143,0.271428571428571,0,0,18,18,3.39713844642185e-18,1,0.00747629016801092
"396","CASSDNYEQYF",4,"1",0.333333333333333,0.0256410256410256,0.461538461538462,0.360339221521087,0.360339221521088,45,45,0.360339221521088,2,0.0110914134506925
"397","CASSKNTEVFF",1,"11",NA,0.333333333333333,0.666666666666667,6.09799021139318e-17,1.14302801604644e-17,0,0,4.7559938249906e-17,1,0.00658350658350658
"404","CASSERADNERLFF",1,"34",NA,1,1,2.86826930721722e-17,4.20833985481491e-17,0,0,3.05742460177967e-17,1,0.00854700854700855
"411","CASSAGQGNSDYTF",1,"6",NA,0.166666666666667,0.5,3.60792428929651e-17,0,0,0,3.39713844642186e-17,1,0.00599790073474284
"417","CASRDNSGNTLYF",2,"4",0,0.0103092783505155,0.195876288659794,1.53291930911737e-17,2.77841624777523e-17,18,18,3.05742460177967e-17,1,0.00953816836587424
"427","CASSLGSQNTLYF",1,"24",NA,1,1,2.79694523729506e-17,4.20788328229659e-17,0,0,3.05742460177967e-17,1,0.00854700854700855
"428","CASSPRGFDQDTQYF",1,"23",NA,1,1,2.75095132271301e-17,3.32572588177906e-17,0,0,3.05742460177967e-17,1,0.00854700854700855
"430","CASGDGASQNTLYF",1,"3",NA,0.0113636363636364,0.215909090909091,0,0,0,0,0,1,0.00445947460345592
"443","CASRRDREGAPLF",1,"30",NA,1,1,1.88959293540158e-17,5.06450093890409e-17,0,0,3.05742460177967e-17,1,0.00854700854700855
"448","CASSGSGNTLYF",1,"3",NA,0.0158730158730159,0.301587301587302,0,0,0,0,0,1,0.00373778745707897
"457","CASSQGSQNTLYF",1,"24",NA,1,1,3.7542296436104e-17,4.17748148876757e-17,0,0,3.05742460177967e-17,1,0.00854700854700855
"461","CASSDATVGNTLYF",1,"21",NA,1,1,3.23902821709461e-17,5.46467388574892e-17,0,0,3.05742460177967e-17,1,0.00854700854700855
"465","CASSDSGNTLYF",4,"3",0,0.0222222222222222,0.422222222222222,0,0,85.5,85.5,0,2,0.011556405529542
"466","CASSDSSQNTLYF",3,"3",0.333333333333333,0.0175438596491228,0.333333333333333,0,0,18,18,0,2,0.0091307126517431
"468","CASSGTANSDYTF",1,"35",NA,1,1,4.03786049796551e-17,4.78929307241015e-17,0,0,3.05742460177967e-17,1,0.00854700854700855
"471","CASSRQGANTEVFF",1,"36",NA,1,1,3.65679139284992e-17,4.77948985320386e-17,0,0,3.05742460177967e-17,1,0.00854700854700855
"472","CASRQGTSQNTLYF",1,"18",NA,1,1,2.72064334041599e-17,3.44688004745262e-17,0,0,3.05742460177967e-17,1,0.00854700854700855
"473","CASSDDSSQNTLYF",1,"3",NA,0.0133333333333333,0.253333333333333,0,0,0,0,0,1,0.00386908653337849
"475","CASSDLYEQYF",3,"1",0.333333333333333,0.0188679245283019,0.339622641509434,0.10817832655715,0.108178326557151,17,17,0.108178326557151,2,0.00982432141245322
"478","CASSADWSYEQYF",1,"27",NA,1,1,3.95014168487934e-17,5.63976174164537e-17,0,0,3.05742460177967e-17,1,0.00854700854700855
"481","CASGDSGNTLYF",2,"4",0,0.0181818181818182,0.345454545454545,0,0,60,60,6.79427689284371e-18,1,0.00715662678872478
"485","CASGTGNERLFF",1,"17",NA,1,1,1.77844736028455e-17,4.14428853833399e-17,0,0,3.05742460177967e-17,1,0.00854700854700855
"487","CASRGNSGNTLYF",1,"4",NA,0.00869565217391304,0.165217391304348,3.75445471412731e-17,1.72752820578266e-17,0,0,2.03828306785311e-17,1,0.00533577283754783
"489","CASSDSYNSPLYF",2,"7",1,0.5,1,0,6.40185496641619e-17,0,0,2.71771075713748e-17,2,0.00854700854700855
"494","CASSRDRGNTEVFF",1,"15",NA,1,1,4.2609344187666e-17,4.15701417305871e-17,0,0,3.05742460177967e-17,1,0.00854700854700855
"499","CASSELYEQYF",1,"1",NA,0.0142857142857143,0.257142857142857,0.0239736527572656,0.0239736527572657,0,0,0.0239736527572657,1,0.0040656090155797
"509","CASGDSSGNTLYF",2,"4",0,0.0149253731343284,0.283582089552239,0,0,48,48,2.03828306785311e-17,1,0.00804432783916661
"510","CASGDSSYEQYF",1,"16",NA,1,1,2.89625078900316e-17,5.72707994855742e-17,0,0,3.05742460177967e-17,1,0.00854700854700855
"516","CASMDSANTEVFF",1,"31",NA,1,1,3.27322239490179e-17,3.93142576208795e-17,0,0,3.05742460177967e-17,1,0.00854700854700855
"523","CASSDGGNSDYTF",2,"6",0,0.25,0.75,6.36861045247279e-17,7.57952610141039e-17,2,2,4.41627998034841e-17,1,0.0110961163592743
"524","CASSDNYNSPLYF",2,"7",1,0.5,1,0,3.84900054626398e-17,0,0,2.71771075713748e-17,2,0.00854700854700855
"526","CASSDWGGYEQYF",1,"10",NA,0.333333333333333,0.666666666666667,6.41057007164778e-17,1.06968998316348e-17,0,0,4.7559938249906e-17,1,0.00658350658350658
"527","CASSDYEQYF",2,"1",1,0.0185185185185185,0.333333333333333,0.103829273069586,0.103829273069586,0,0,0.103829273069586,2,0.00642253437385186
"535","CASSLDSAETLYF",1,"14",NA,1,1,3.53996580641702e-17,4.80184628900449e-17,0,0,3.05742460177967e-17,1,0.00854700854700855
"541","CASSPGGFDQDTQYF",1,"23",NA,1,1,1.94437488502037e-17,4.29596227345868e-17,0,0,3.05742460177967e-17,1,0.00854700854700855
