model_name,TP (Kas_Gearty_no_cut),FP (Kas_Gearty_no_cut),TN (Kas_Gearty_no_cut),FN (Kas_Gearty_no_cut),accuracy (Kas_Gearty_no_cut),precision (Kas_Gearty_no_cut),recall (Kas_Gearty_no_cut),specificity (Kas_Gearty_no_cut),f1_score (Kas_Gearty_no_cut),b_accuracy (Kas_Gearty_no_cut),AUC_value_inf (Kas_Gearty_no_cut),AUC_value_trn (Kas_Gearty_no_cut),mcc (Kas_Gearty_no_cut),log_loss (Kas_Gearty_no_cut),kappa (Kas_Gearty_no_cut),fall_out (Kas_Gearty_no_cut),miss_rate (Kas_Gearty_no_cut),NPV (Kas_Gearty_no_cut),lr_plus (Kas_Gearty_no_cut),lr_minus (Kas_Gearty_no_cut)
IGRP_WF_1_Kf_dist,9222.0,2124.0,11877.0,4647.0,0.7570505920344457,0.812797461660497,0.6649361886221069,0.8482965502464109,0.7314693634741225,0.7566163694342589,0.8022505618231723,1.0,0.5223209808396798,0.7144612206691815,0.5136732368485301,0.15170344975358904,0.33506381137789315,0.7187726942628904,4.383131627541487,0.3949842909069531
IGRP_WF_2_Kf_dist,8392.0,874.0,13127.0,5477.0,0.7721205597416577,0.9056766673861428,0.6050904895810801,0.9375758874366116,0.7254808731359412,0.7713331885088459,0.8029378292556166,0.92,0.5759512200058681,0.6030032159692424,0.543516718986945,0.062424112563388326,0.3949095104189199,0.7056009460331112,9.693217327945883,0.4212027161861277
IGRP_WF_3_Kf_dist,8783.0,1930.0,12071.0,5086.0,0.748259777538572,0.8198450480724354,0.6332828610570337,0.8621527033783302,0.7145879098527378,0.7477177822176819,0.8064585520963555,1.0,0.5092289113340799,0.670656022040279,0.4959675869618276,0.1378472966216699,0.3667171389429663,0.7035612286530281,4.594089812258823,0.4253505643559333
IGRP_WF_4_Kf_dist,8682.0,1229.0,12772.0,5187.0,0.7697883028345892,0.8759963676722833,0.6260004326195111,0.9122205556745948,0.7301934398654332,0.7691104941470529,0.8023355397360991,0.92,0.5621638540556179,0.6474968862218918,0.5389460263389532,0.08777944432540533,0.3739995673804888,0.7111754552035191,7.131515099353764,0.40998809449531975
IGRP_WF_5_Kf_dist,9095.0,1872.0,12129.0,4774.0,0.7615357014711159,0.8293061001185374,0.6557790756363112,0.8662952646239555,0.7324045740054759,0.7610371701301333,0.8054753708789453,1.0,0.5343288611823584,0.6544749606402065,0.5225898039426979,0.13370473537604458,0.3442209243636888,0.7175649293024907,4.904681003196577,0.39734826960310055
IGRP_WF_6_Kf_dist,8702.0,795.0,13206.0,5167.0,0.7860782203085755,0.9162893545330104,0.6274424976566443,0.9432183415470324,0.7448429341778653,0.7853304196018382,0.8109334418183174,1.0,0.6020005888782552,0.5985551389210276,0.5715101053235923,0.05678165845296765,0.3725575023433557,0.7187721112502041,11.05009108137192,0.3949854301309498
IGRP_WF_7_Kf_dist,9295.0,2228.0,11773.0,4574.0,0.7559382848941514,0.8066475744163846,0.670199726007643,0.8408685093921863,0.7321203528670447,0.7555341176999146,0.8011342720598911,1.0,0.5188946327813816,0.6592972904799795,0.5114760784501451,0.15913149060781373,0.32980027399235706,0.7201933076405457,4.211609678560596,0.3922138483111349
IGRP_WF_8_Kf_dist,7692.0,826.0,13175.0,6177.0,0.7487262289199856,0.9030288800187838,0.554618213281419,0.9410042139847152,0.6871845267342654,0.7478112136330672,0.7953078029937284,0.8400000000000001,0.5379244774054401,0.6336692231930833,0.4965254864805702,0.05899578601528462,0.44538178671858103,0.680808185200496,9.400980150306477,0.473304773878319
IGRP_WF_9_Kf_dist,9398.0,2212.0,11789.0,4471.0,0.7602081090778615,0.8094745908699397,0.6776263609488788,0.8420112849082209,0.7377055614427568,0.7598188229285499,0.7999562946455587,0.8400000000000001,0.5270190671953836,0.7008485698259452,0.5200369374394346,0.15798871509177914,0.3223736390511212,0.7250307503075031,4.289080777416478,0.3828614233908513
IGRP_WF_10_Kf_dist,8881.0,1330.0,12671.0,4988.0,0.7733046286329387,0.8697483106453824,0.6403489797389862,0.9050067852296264,0.737624584717608,0.7726778824843064,0.7988114437341597,0.92,0.5659327396532661,0.6423565451193107,0.5460346615862504,0.09499321477037356,0.3596510202610137,0.7175377994223908,6.7409970415981535,0.3974014627633536
IGRP_WF_11_Kf_dist,7969.0,1649.0,12352.0,5900.0,0.7291352709006099,0.8285506342274901,0.5745908140457134,0.8822226983786873,0.6785881551496572,0.7284067562122003,0.7914462183512958,0.96,0.4804447225209361,0.6595344890066421,0.4574745067546736,0.11777730162131275,0.42540918595428656,0.6767477536708306,4.878620974805356,0.4822015878032679
IGRP_WF_12_Kf_dist,7675.0,917.0,13084.0,6194.0,0.7448510943667025,0.8932728119180633,0.5533924579998558,0.9345046782372688,0.6834067939984863,0.7439485681185622,0.8078779783294632,0.92,0.5282655000490547,0.6248675587626156,0.4887738034152297,0.06549532176273122,0.4466075420001442,0.6787011100736591,8.449343298207179,0.4779082998734346
IGRP_WF_13_Kf_dist,8973.0,1168.0,12833.0,4896.0,0.7824183710082526,0.8848239818558328,0.6469824789097989,0.9165773873294764,0.7474385672636401,0.7817799331196377,0.8160713482611321,0.8,0.5856789940246145,0.5659961052855813,0.5642748667340495,0.08342261267052352,0.3530175210902012,0.7238422922894693,7.7554808965891215,0.38514753469834856
IGRP_WF_14_Kf_dist,7451.0,645.0,13356.0,6418.0,0.7465733763903839,0.920331027667984,0.5372413295839642,0.9539318620098564,0.6784429774641475,0.7455865957969103,0.8010859920808784,0.92,0.5409464089049453,0.6095215040788049,0.4921388620616745,0.04606813799014356,0.4627586704160357,0.6754323859613635,11.661885047294705,0.4851066295668551
IGRP_WF_15_Kf_dist,8794.0,1396.0,12605.0,5075.0,0.7678148546824543,0.8630029440628066,0.6340759968274571,0.9002928362259839,0.7310362026684399,0.7671844165267204,0.8072988348756173,1.0,0.5547725952944341,0.6071534711290465,0.5350378760778851,0.09970716377401614,0.3659240031725431,0.7129524886877828,6.359382544112625,0.4064499776611484
IGRP_WF_16_Kf_dist,7950.0,1178.0,12823.0,5919.0,0.7453534266236096,0.8709465381244522,0.5732208522604371,0.9158631526319548,0.6913945297212679,0.744542002446196,0.8011026158432522,0.96,0.5210624524375524,0.6211714358394481,0.4898733983881514,0.08413684736804514,0.4267791477395631,0.6841852523743464,6.812958533530033,0.4659857168760526
IGRP_WF_17_Kf_dist,8915.0,1888.0,12113.0,4954.0,0.7545030498744171,0.8252337313709155,0.6428004903021126,0.8651524891079209,0.7226815823605707,0.7539764897050167,0.7963533130203111,1.0,0.521284523913513,0.7215734676788266,0.5084828724451169,0.13484751089207914,0.3571995096978874,0.7097322317923478,4.7668695258050215,0.4128746252191961
IGRP_WF_18_Kf_dist,7630.0,830.0,13171.0,6239.0,0.7463580911374238,0.9018912529550828,0.5501478116663061,0.9407185201057068,0.6834161852299699,0.7454331658860065,0.8056785716546138,0.8400000000000001,0.5337862688653056,0.5901558035093915,0.4917704373129333,0.05928147989429326,0.4498521883336937,0.6785677485832046,9.280264471252952,0.4782006293265543
IGRP_WF_19_Kf_dist,8835.0,1342.0,12659.0,5034.0,0.7712235378543236,0.8681340277095411,0.6370322301535799,0.9041497035926004,0.7348415536887632,0.7705909668730901,0.8042173825959271,1.0,0.5619979947801038,0.6393432192385443,0.5418619042014111,0.09585029640739948,0.3629677698464201,0.7154806985813599,6.646116433964435,0.40144653966503896
IGRP_WF_20_Kf_dist,7479.0,1139.0,12862.0,6390.0,0.7298528884104772,0.8678347644465073,0.5392602206359507,0.9186486679522892,0.6651843287232623,0.7289544442941199,0.7956756166109062,1.0,0.4953817514811881,0.6935970545551149,0.4587276109100818,0.08135133204771088,0.4607397793640493,0.6680864325784334,6.628781693699689,0.5015407907694024
IGRP_WF_21_Kf_dist,8501.0,1563.0,12438.0,5368.0,0.7513096519555077,0.8446939586645469,0.6129497440334559,0.8883651167773731,0.7103998662934025,0.7506574304054145,0.7948648399798849,1.0,0.5218481908588036,0.6639152457977865,0.5019640436067602,0.11163488322262696,0.3870502559665441,0.6985285858699315,5.4906649815818405,0.4356882644949014
IGRP_WF_22_Kf_dist,6584.0,431.0,13570.0,7285.0,0.7231431646932185,0.93856022808268,0.4747278102242411,0.9692164845368187,0.6305305497031221,0.7219721473805301,0.8064365209763327,0.92,0.5114599669593625,0.6585231394250016,0.4449809282373197,0.030783515463181206,0.5252721897757588,0.6506832893790457,15.421494364152204,0.5419554848231688
IGRP_WF_23_Kf_dist,7648.0,723.0,13278.0,6221.0,0.750843200574094,0.9136303906343328,0.5514456701997261,0.948360831369188,0.6877697841726619,0.7499032507844571,0.8039225580072875,0.8800000000000001,0.5451413966301543,0.6264889294148269,0.5007422491280835,0.05163916863081208,0.448554329800274,0.6809579978460434,10.67882548888847,0.47297854884271995
IGRP_WF_24_Kf_dist,7648.0,700.0,13301.0,6221.0,0.7516684607104414,0.9161475802587448,0.5514456701997261,0.9500035711734875,0.6884817932214069,0.7507246206866068,0.8010793693552241,1.0,0.5473633389656529,0.6975711093301065,0.5023919993017276,0.04999642882651239,0.448554329800274,0.681333879725438,11.029701183523375,0.4721606775079795
IGRP_WF_25_Kf_dist,9141.0,1842.0,12159.0,4728.0,0.7642626480086114,0.8322862605845397,0.6590958252217175,0.8684379687165202,0.7356349589570256,0.7637668969691189,0.811632347944369,0.8,0.5397785772362581,0.6657285445446638,0.5280517734286637,0.13156203128347976,0.3409041747782825,0.7200213181737432,5.009772339266704,0.39254867596601145
IGRP_WF_26_Kf_dist,8164.0,996.0,13005.0,5705.0,0.759562253318981,0.8912663755458515,0.5886509481577619,0.928862224126848,0.7090190629206653,0.7587565861423049,0.8138439906970995,0.8,0.5508570089985999,0.6063302650024488,0.5183428042868621,0.07113777587315191,0.4113490518422381,0.6950828433992517,8.274801129675527,0.4428526009106633
IGRP_WF_27_Kf_dist,8985.0,2027.0,11974.0,4884.0,0.7520272694653749,0.8159280784598619,0.6478477179320787,0.8552246268123705,0.7222378521763595,0.7515361723722247,0.8003168366541642,0.8,0.5145130793944729,0.7137353948194871,0.5035613374160111,0.14477537318762945,0.3521522820679213,0.7102859176652034,4.474847508025176,0.4117658344106369
IGRP_WF_28_Kf_dist,7864.0,1190.0,12811.0,6005.0,0.7418371008252601,0.8685663795007731,0.5670199726007643,0.9150060709949288,0.6861231077956638,0.7410130217978466,0.8017015605258236,0.96,0.5146224264424846,0.6523464899772884,0.4828162087336327,0.08499392900507106,0.4329800273992357,0.6808567176870748,6.671299694439749,0.4731990760765513
IGRP_WF_29_Kf_dist,8042.0,1318.0,12683.0,5827.0,0.7436311445999282,0.8591880341880341,0.5798543514312495,0.9058638668666524,0.6924103491325498,0.7428591091489509,0.7895029916824179,1.0,0.5142157343995525,0.6857500989804934,0.4864637574528152,0.09413613313334762,0.4201456485687505,0.6851971907077256,6.159742620932414,0.4638066092888966
IGRP_WF_30_Kf_dist,4078.0,607.0,13394.0,9791.0,0.6269106566200215,0.8704375667022412,0.29403706107145433,0.9566459538604384,0.4395817613452625,0.6253415074659464,0.7922672586621222,0.92,0.3351727197112461,0.6970653170617488,0.25146798719712604,0.04335404613956146,0.7059629389285457,0.5777010998490403,6.7822288172346505,0.7379563317857674
IGRP_WF_31_Kf_dist,9132.0,1578.0,12423.0,4737.0,0.7734122712594187,0.8526610644257703,0.6584468959550076,0.8872937647310907,0.7430733553033076,0.7728703303430491,0.8098530466100995,1.0,0.5609640591997608,0.6174063956675848,0.5463272609167203,0.11270623526890935,0.34155310404499245,0.723951048951049,5.842151451372661,0.3849380189756049
IGRP_WF_32_Kf_dist,7525.0,779.0,13222.0,6344.0,0.7444205238607822,0.9061897880539499,0.5425769702213571,0.9443611170630668,0.6787534388670906,0.743469043642212,0.8139950387957055,1.0,0.5323302580773993,0.6259347459284978,0.4878608730550972,0.05563888293693306,0.457423029778643,0.6757640805478892,9.751758870435458,0.4843730025662367
IGRP_WF_33_Mc_dist,9132.0,1655.0,12346.0,4737.0,0.7706494438464299,0.8465745805135811,0.6584468959550076,0.8817941575601743,0.7407527579493836,0.7701205267575909,0.8062973381653687,0.9285714285714286,0.5545711535896191,0.629476403849982,0.5408075733644315,0.11820584243982572,0.34155310404499245,0.7227067845226248,5.570341383846563,0.3873388149792596
IGRP_WF_34_Mc_dist,8634.0,1118.0,12883.0,5235.0,0.7720487979906709,0.8853568498769483,0.6225394765303915,0.9201485608170844,0.7310444096354939,0.7713440186737379,0.8088060559974937,0.7916666666666666,0.5689189191783854,0.6125673943462207,0.543448501934269,0.07985143918291551,0.3774605234696085,0.7110608234904515,7.796221118874786,0.4102169362025917
IGRP_WF_35_Mc_dist,9125.0,1978.0,12023.0,4744.0,0.7588087549336204,0.8218499504638386,0.657942173192011,0.8587243768302264,0.7308185167387474,0.7583332750111187,0.7976336079410993,0.988095238095238,0.527672662793378,0.7046315921919809,0.5171527453063229,0.1412756231697736,0.342057826807989,0.7170632790600584,4.657152864945068,0.3983324988055105
IGRP_WF_36_Mc_dist,8940.0,1306.0,12695.0,4929.0,0.7762827412988877,0.8725356236580128,0.6446030715985291,0.9067209485036783,0.7414472320132698,0.7756620100511038,0.8119301182554614,1.0,0.5717150150130645,0.6297377863573395,0.5520037715023596,0.0932790514963217,0.3553969284014709,0.7203245574216977,6.910480555475504,0.3919584399014568
IGRP_WF_37_Mc_dist,9249.0,1931.0,12070.0,4620.0,0.7649443846429853,0.8272808586762075,0.6668829764222366,0.862081279908578,0.7384725937163159,0.7644821281654073,0.8055751726766279,1.0,0.5396092158119912,0.6435455411434331,0.5294481544931443,0.13791872009142206,0.3331170235777633,0.7231875374475734,4.835333274411049,0.3864102275983649
IGRP_WF_38_Mc_dist,8157.0,753.0,13248.0,5712.0,0.7680301399354145,0.9154882154882156,0.5881462253947654,0.9462181272766232,0.7161859607533254,0.7671821763356943,0.8002112979075087,1.0,0.5729036142958311,0.5994399704803002,0.5352665550096511,0.0537818727233769,0.4118537746052347,0.6987341772151898,10.93577065305725,0.4352630357976971
IGRP_WF_39_Mc_dist,9190.0,1749.0,12252.0,4679.0,0.7693577323286688,0.8401133558826218,0.6626288845626938,0.8750803514034712,0.7408900354724283,0.7688546179830824,0.8011867182792259,0.9895833333333331,0.5505787964026722,0.6193499500414468,0.5382452640812525,0.12491964859652882,0.33737111543730625,0.7236430216762152,5.304440830624514,0.38553158563807743
IGRP_WF_40_Mc_dist,8662.0,807.0,13194.0,5207.0,0.7842124147829207,0.914774527405217,0.6245583675823779,0.9423612599100064,0.7423086811209186,0.7834598137461921,0.8083839087356681,1.0,0.5984816292646113,0.5965284416453387,0.5677687373521044,0.057638740089993576,0.375441632417622,0.7170262485734471,10.835739410806537,0.3984052065695866
IGRP_WF_41_Mc_dist,9001.0,1682.0,12319.0,4868.0,0.7649802655184786,0.8425535898155949,0.6490013699617853,0.8798657238768659,0.7332192896709026,0.7644335469193255,0.8161757540376136,0.9479166666666669,0.5438786303758513,0.6052815751737678,0.5294404211076527,0.12013427612313406,0.35099863003821474,0.7167626694594752,5.402299750793672,0.398922949846988
IGRP_WF_42_Mc_dist,8820.0,1343.0,12658.0,5049.0,0.7706494438464299,0.8678539801239792,0.6359506813757301,0.9040782801228484,0.7340213049267643,0.7700144807492892,0.8081078142039533,0.9494949494949496,0.5609649115388673,0.6131720495690963,0.5407100594846406,0.09592171987715163,0.3640493186242701,0.7148585305246513,6.629892397573787,0.4026745544365938
IGRP_WF_43_Mc_dist,9170.0,1759.0,12242.0,4699.0,0.7682813060638679,0.8390520633177784,0.6611868195255606,0.8743661167059495,0.7395757722396967,0.7677764681157551,0.7991835755126604,1.0,0.5484597639302399,0.6866401279874642,0.5360886387221615,0.12563388329405042,0.3388131804744394,0.7226255829053775,5.262806515166216,0.3874957800868017
IGRP_WF_44_Mc_dist,8992.0,1368.0,12633.0,4877.0,0.7759239325439541,0.8679536679536679,0.6483524406950754,0.9022926933790444,0.7422510215031574,0.7753225670370598,0.8063426286480809,0.9898989898989898,0.5697062145957528,0.6248394519567174,0.5513026604644975,0.09770730662095564,0.35164755930492464,0.7214734437464306,6.635659738429643,0.3897267060736365
IGRP_WF_45_Mc_dist,9212.0,1789.0,12212.0,4657.0,0.7687118765697883,0.8373784201436233,0.6642151561035403,0.8722234126133848,0.7408122235625252,0.7682192843584625,0.8076075589483481,0.898989898989899,0.5487333369780207,0.6234434187345596,0.5369620033253057,0.12777658738661524,0.3357848438964597,0.7239314719307606,5.198253996984723,0.3849757287417567
IGRP_WF_46_Mc_dist,8784.0,659.0,13342.0,5085.0,0.7939002511661285,0.9302128560838716,0.6333549643088904,0.9529319334333262,0.7536032944406315,0.7931434488711082,0.8091946802168251,1.0,0.6193412094403997,0.5918138243469862,0.5871702118286966,0.04706806656667381,0.3666450356911097,0.7240462365007869,13.456150008025453,0.3847546953013961
IGRP_WF_47_Mc_dist,9186.0,1755.0,12246.0,4683.0,0.7689989235737352,0.8395941870030161,0.6623404715552671,0.8746518105849582,0.7405078597339783,0.7684961410701127,0.8027048571136897,1.0,0.5498269007645761,0.6624422308428806,0.5375272297773568,0.12534818941504178,0.33765952844473285,0.7233740917951444,5.284005095296465,0.38605022519636656
IGRP_WF_48_Mc_dist,8604.0,730.0,13271.0,5265.0,0.7848941514172946,0.921791300621384,0.6203763789746918,0.9478608670809228,0.74162823772788,0.7841186230278072,0.8096747531537372,0.8901098901098901,0.6019908498196134,0.6100741288693876,0.5691144824891907,0.05213913291907722,0.3796236210253082,0.7159581355200691,11.898479016472134,0.4005056377044187
IGRP_WF_49_Mc_dist,9204.0,1543.0,12458.0,4665.0,0.7772515249372085,0.8564250488508421,0.663638330088687,0.8897935861724162,0.7478063048423791,0.7767159581305516,0.8074042834996453,0.935,0.568502986203417,0.6304261606866992,0.5540198087662522,0.11020641382758374,0.336361669911313,0.7275594229983063,6.02177592972891,0.3780221336031701
IGRP_WF_50_Mc_dist,8622.0,862.0,13139.0,5247.0,0.7808037316110513,0.9091100801349642,0.6216742375081116,0.9384329690736376,0.7384062004881601,0.7800536032908746,0.8088960164042547,0.9775,0.5910631198997524,0.5913424944698912,0.5609432488887965,0.06156703092636241,0.3783257624918884,0.7146198194278255,10.0975185607321,0.4031462821104292
IGRP_WF_51_Mc_dist,8861.0,1909.0,12092.0,5008.0,0.7518119842124148,0.8227483751160631,0.638906914701853,0.8636525962431255,0.7192662039855514,0.7512797554724893,0.799857167480116,0.995,0.5160403860609362,0.7059834417582607,0.5030894262922655,0.1363474037568745,0.3610930852981469,0.7071345029239766,4.685875176920192,0.4180999245169828
IGRP_WF_52_Mc_dist,8943.0,1335.0,12666.0,4926.0,0.7753498385360603,0.8701109165207239,0.6448193813540991,0.9046496678808656,0.7407131320660951,0.7747345246174824,0.8120521751922698,0.9825,0.5694209234623406,0.616035183946424,0.550140522572362,0.09535033211913437,0.3551806186459009,0.7199863574351978,6.762633826470967,0.3926167568025627
IGRP_WF_53_Mc_dist,8888.0,1447.0,12554.0,4981.0,0.7693577323286688,0.8599903241412675,0.6408537025019828,0.8966502392686236,0.7344240621384895,0.7687519708853032,0.8020832453028383,0.9725,0.5563852777085664,0.6200685456804169,0.5381503545111961,0.10334976073137632,0.3591462974980172,0.7159395494724836,6.200824249295274,0.4005422424143491
IGRP_WF_54_Mc_dist,7924.0,705.0,13296.0,5945.0,0.7613921779691425,0.9182987599953644,0.5713461677121638,0.9496464538247268,0.7044181705040448,0.7604963107684453,0.8069356767358824,0.965,0.5634295497054045,0.5840344541592862,0.5219221801348409,0.0503535461752732,0.42865383228783616,0.6910243750324827,11.346691764734759,0.451382544063026
IGRP_WF_55_Mc_dist,8097.0,1714.0,12287.0,5772.0,0.7313957660566918,0.8252981347467129,0.5838200302833658,0.8775801728447968,0.6838682432432432,0.7307001015640813,0.7985543161531332,0.985,0.4830325488531276,0.6570843396856739,0.4620374812103597,0.1224198271552032,0.41617996971663423,0.6803809734758293,4.7689989754944015,0.47423583917983203
IGRP_WF_56_Mc_dist,7934.0,722.0,13279.0,5935.0,0.7611410118406889,0.9165896487985212,0.5720672002307304,0.9484322548389399,0.7044617092119867,0.7602497275348352,0.8083414275040015,0.99,0.5624123696914916,0.59586132648954,0.5214233400865231,0.051567745161059934,0.4279327997692696,0.6911106484854793,11.093508130790102,0.4512001754326036
IGRP_WF_57_Mc_dist,8769.0,1381.0,12620.0,5100.0,0.7674560459275206,0.8639408866995074,0.6322734155310404,0.9013641882722664,0.73017194720846,0.7668188019016533,0.8104893741585539,0.91,0.5544771420658158,0.6211625488248734,0.5343130047341005,0.09863581172773374,0.3677265844689596,0.7121896162528216,6.410181094026139,0.4079667122939701
IGRP_WF_58_Mc_dist,8864.0,1270.0,12731.0,5005.0,0.7748475062791532,0.8746792974146438,0.639123224457423,0.9092921934147559,0.7385743448735574,0.7742077089360895,0.8079382008440844,0.95,0.5700244282823409,0.6231439931874218,0.5491125124069036,0.09070780658524392,0.36087677554257697,0.7178055931438881,7.045956114668015,0.3968765795594706
IGRP_WF_59_Mc_dist,8936.0,1797.0,12204.0,4933.0,0.7585217079296734,0.8325724401378924,0.6443146585911025,0.8716520248553675,0.7264450044711812,0.757983341723235,0.7976248634713003,0.9875,0.5301463778298054,0.6875624772133008,0.5165172383132937,0.12834797514463253,0.3556853414088975,0.7121433156328412,5.020060954331679,0.4080588712771201
IGRP_WF_60_Mc_dist,8910.0,1180.0,12821.0,4959.0,0.7797273053462505,0.8830525272547076,0.6424399740428294,0.9157203056924506,0.7437706081222087,0.7790801398676399,0.8174464187119211,0.91,0.5806969808650476,0.5950371135240752,0.5588781297914245,0.08427969430754946,0.3575600259571707,0.7210911136107987,7.622713624214962,0.39046860022044666
IGRP_WF_61_Mc_dist,9118.0,1419.0,12582.0,4751.0,0.7786149982059563,0.8653316883363387,0.6574374504290144,0.8986500964216841,0.7471933131197247,0.7780437734253492,0.8083938891729296,0.965,0.5733897337303466,0.6149634259806062,0.5567180394868824,0.10134990357831583,0.34256254957098564,0.7258985749725956,6.486808839645264,0.38119680945345497
IGRP_WF_62_Mc_dist,7701.0,557.0,13444.0,6168.0,0.7587011123071403,0.9325502542988616,0.5552671425481289,0.9602171273480464,0.6960726713969358,0.7577421349480877,0.8080463557218694,0.985,0.5644417602455815,0.5848800919331132,0.5164692432095566,0.03978287265195343,0.4447328574518711,0.6854986742810524,13.957442123548212,0.4631586385884891
IGRP_WF_63_Mc_dist,8292.0,1839.0,12162.0,5577.0,0.7339074273412272,0.8184779389991116,0.5978801643954142,0.8686522391257767,0.691,0.7332662017605955,0.7977090560299018,0.9925,0.4849457871731128,0.6482605219251404,0.4671258929255528,0.13134776087422326,0.40211983560458575,0.6856079824116353,4.551886993855463,0.4629238462670453
IGRP_WF_64_Mc_dist,7596.0,742.0,13259.0,6273.0,0.7482956584140653,0.9110098344926841,0.5476963011031798,0.9470037854438969,0.6841086144008646,0.7473500432735383,0.8118444502607014,0.995,0.5401815976710331,0.5935475338496345,0.4956318433910496,0.052996214556103136,0.4523036988968202,0.6788347327462625,10.334630608821593,0.4776155131046369
IGRP_WF_65_Mc_dist,8504.0,1503.0,12498.0,5365.0,0.7535701471115895,0.8498051364045168,0.6131660537890259,0.8926505249625026,0.7123471268219133,0.7529082893757643,0.7997794199768464,1.0,0.5271886026730691,0.6704160530653631,0.5064814162643938,0.10734947503749732,0.3868339462109741,0.6996585120080614,5.711868209647473,0.4333543031604936
IGRP_WF_66_Mc_dist,7339.0,961.0,13040.0,6530.0,0.731216361679225,0.8842168674698795,0.5291657653760184,0.9313620455681736,0.662095719247598,0.7302639054720961,0.7883686284699265,1.0,0.5035278600262973,0.6642468040281052,0.4614011756683263,0.0686379544318263,0.4708342346239816,0.6663260091977516,7.7095212081473825,0.505532984583617
IGRP_WF_67_Mc_dist,9008.0,1890.0,12111.0,4861.0,0.7577682095443129,0.8265736832446321,0.6495060927247819,0.8650096421684166,0.7274195502079379,0.7572578674465993,0.8017198708687974,1.0,0.5271823350921125,0.7033523731633161,0.5150358264742161,0.13499035783158345,0.3504939072752181,0.7135870846099458,4.811499896423106,0.4051907518586679
IGRP_WF_68_Mc_dist,8227.0,1417.0,12584.0,5642.0,0.7467168998923573,0.8530692658647864,0.5931934530247314,0.8987929433611885,0.6997830987113511,0.7459931981929601,0.7951597495412874,1.0,0.5171075903309772,0.6822821479395527,0.492693924419242,0.10120705663881152,0.4068065469752686,0.6904422253922967,5.8611866872260165,0.4526143089797151
IGRP_WF_69_Mc_dist,8231.0,1239.0,12762.0,5638.0,0.7532472192321492,0.8691657866948258,0.593481866032158,0.9115063209770732,0.7053429881314538,0.7524940935046156,0.8088455219835379,1.0,0.5330886300901609,0.6239428610205423,0.5057443662444185,0.08849367902292693,0.40651813396784203,0.6935869565217392,6.706488786373079,0.445984986184278
IGRP_WF_70_Mc_dist,4224.0,398.0,13603.0,9645.0,0.6396483674201651,0.9138900908697534,0.3045641358425265,0.97157345903864,0.4568709101725164,0.6380687974405833,0.7949407155074351,1.0,0.3712101740158617,0.7085372577245261,0.27700822412853776,0.0284265409613599,0.6954358641574735,0.58512560220234,10.714076547565863,0.7157831018208326
IGRP_WF_71_Mc_dist,8832.0,1155.0,12846.0,5037.0,0.7778256189451023,0.8843496545509162,0.6368159203980099,0.9175058924362546,0.7404426559356136,0.7771609064171323,0.8066696579139209,1.0,0.5779980287851881,0.6262061279441508,0.5550541829973844,0.08249410756374545,0.3631840796019901,0.7183358496896494,7.719532209084448,0.3958384165115571
IGRP_WF_72_Mc_dist,7808.0,739.0,13262.0,6061.0,0.7560100466451382,0.9135369135369136,0.5629821904967914,0.9472180558531532,0.6966452533904354,0.7551001231749723,0.8086718093315842,1.0,0.5532209739872277,0.6493827254533137,0.5111248201291143,0.05278194414684666,0.4370178095032086,0.6863323500491643,10.666188970427033,0.4613698047695992
IGRP_WF_73_Mc_dist,8657.0,1822.0,12179.0,5212.0,0.7476139217796914,0.8261284473709324,0.6241978513230947,0.8698664381115635,0.7111056349597503,0.7470321447173291,0.8028783328718798,1.0,0.5099920060440531,0.6763222480655936,0.4946342221544338,0.13013356188843653,0.3758021486769053,0.7003047553332183,4.796593916780816,0.4320228166208516
IGRP_WF_74_Mc_dist,7653.0,1102.0,12899.0,6216.0,0.7374237531395766,0.8741290691033695,0.5518061864590093,0.9212913363331192,0.6765381895332391,0.7365487613960642,0.8033552772661516,0.8021978021978022,0.509609540034895,0.6525598471310837,0.4739212941320948,0.07870866366688094,0.4481938135409907,0.6748103583573111,7.010742664802714,0.4864843463359493
IGRP_WF_75_Mc_dist,9282.0,2113.0,11888.0,4587.0,0.7595981341944743,0.8145677928916192,0.6692623837335063,0.8490822084136848,0.7348005066497784,0.7591722960735956,0.8076119698072307,0.859375,0.5271701332880586,0.6972297363410376,0.5187808299996621,0.15091779158631527,0.3307376162664936,0.7215781487101669,4.4346155393529685,0.3895236680137262
IGRP_WF_76_Mc_dist,8013.0,1138.0,12863.0,5856.0,0.7490491567994259,0.8756420063381051,0.5777633571274065,0.9187200914220413,0.6961772371850564,0.7482417242747239,0.8077025945465027,0.7395833333333334,0.5286050123586961,0.6018417626769965,0.49728089116249896,0.08127990857795872,0.4222366428725936,0.6871627757893051,7.108317015062232,0.4595922597262833
IGRP_WF_77_Mc_dist,8527.0,1299.0,12702.0,5342.0,0.7617151058485827,0.8677997150417259,0.614824428581729,0.9072209127919434,0.7197299008229584,0.7610226706868362,0.8057590202617759,0.898989898989899,0.5463306141913103,0.6480885042639861,0.5227637125634945,0.09277908720805657,0.38517557141827097,0.7039459099977832,6.626756600902839,0.4245664600399317
IGRP_WF_78_Mc_dist,4539.0,742.0,13259.0,9330.0,0.6386078220308575,0.8594963075175156,0.32727666017737395,0.9470037854438969,0.4740469973890339,0.6371402228106354,0.7892988407567625,1.0,0.34993740087338954,0.6595683992777193,0.27508340979124346,0.052996214556103136,0.672723339822626,0.5869671078843685,6.175472397767402,0.7103702753493164
IGRP_WF_79_Mc_dist,8839.0,1334.0,12667.0,5030.0,0.7716541083602441,0.8688685736754154,0.6373206431610066,0.9047210913506178,0.7352965643457283,0.7710208672558122,0.8148463603093685,1.0,0.5629378894289732,0.6024831020059569,0.5427235240619386,0.09527890864938217,0.36267935683899344,0.7157710346386393,6.689000243551162,0.4008742145024668
IGRP_WF_80_Mc_dist,7997.0,836.0,13165.0,5872.0,0.7593110871905274,0.9053549190535491,0.5766097050976999,0.9402899792871938,0.7045194256012686,0.7584498421924468,0.8011282750427646,0.9393939393939394,0.5554628251517089,0.6602352762832078,0.5177859741523715,0.05971002071280624,0.4233902949023001,0.6915480380312024,9.656833111331217,0.4502763022352528
IGRP_WF_81_Mc_dist,8719.0,1555.0,12446.0,5150.0,0.7594187298170075,0.8486470702744793,0.6286682529382075,0.8889365045353903,0.7222797498239656,0.7588023787367989,0.7973821323362825,0.94,0.5364430263887131,0.6420739629795287,0.5182379968002799,0.11106349546460967,0.3713317470617925,0.7073198454194135,5.6604400060372,0.4177258388729035
IGRP_WF_82_Mc_dist,7413.0,884.0,13117.0,6456.0,0.7366343738787227,0.8934554658310233,0.5345014060134112,0.9368616527390901,0.6688622214201931,0.7356815293762506,0.8100330369467909,0.985,0.5154284685420812,0.6016562526459479,0.4722574543675202,0.06313834726090993,0.4654985939865888,0.6701578705359423,8.465559033477117,0.4968701543345452
IGRP_WF_83_Mc_dist,8994.0,1728.0,12273.0,4875.0,0.7630785791173305,0.8388360380526021,0.6484966471987886,0.8765802442682665,0.7314871294375991,0.7625384457335276,0.8130561721616981,0.96,0.5396104710695521,0.6283437805414697,0.5256391346084204,0.12341975573173344,0.3515033528012113,0.7157102869139258,5.254399049438796,0.40099392508512666
IGRP_WF_84_Mc_dist,7540.0,868.0,13133.0,6329.0,0.7417653390742734,0.8967649857278782,0.5436585189992069,0.9380044282551246,0.6769313641872784,0.7408314736271657,0.8006729034305816,0.9825,0.5246929815864844,0.6326723533627387,0.4825586460900108,0.061995571744875376,0.4563414810007931,0.6748021786044599,8.769312125009098,0.4865024804303742
IGRP_WF_85_Mc_dist,7888.0,782.0,13219.0,5981.0,0.7573376390383926,0.9098039215686274,0.5687504506453241,0.9441468466538104,0.6999423221970806,0.7564486486495673,0.8090954397543649,1.0,0.5539522738069068,0.6169175921834051,0.5138052392390946,0.055853153346189566,0.4312495493546759,0.6884895833333333,10.182960434124276,0.456761096944914
IGRP_WF_86_Mc_dist,3576.0,200.0,13801.0,10293.0,0.6235019734481522,0.9470338983050848,0.2578412286394116,0.985715306049568,0.4053272881836214,0.6217782673444898,0.8049911780504909,1.0,0.35582089060883143,0.6802644062808013,0.2443949365019477,0.014284693950432113,0.7421587713605884,0.5727982070224952,18.050175210902008,0.7529139162248821
IGRP_WF_87_Mc_dist,8915.0,1341.0,12660.0,4954.0,0.7741298887692858,0.8692472698907956,0.6428004903021126,0.9042211270623528,0.7390673575129534,0.7735108086822327,0.8089311616540436,1.0,0.5671377932894057,0.6012989527166589,0.5476942002860853,0.09577887293764732,0.3571995096978874,0.7187464516861587,6.711297289127427,0.3950355715071186
IGRP_WF_88_Mc_dist,6687.0,354.0,13647.0,7182.0,0.7296017222820237,0.9497230507030252,0.482154445165477,0.9747160917077352,0.6395982783357246,0.7284352684366061,0.8067912153138799,0.9975,0.5257071351032775,0.6473368156147612,0.4579332975276869,0.02528390829226484,0.517845554834523,0.6551922799942388,19.069616911756626,0.5312783478594677
IGRP_WF_89_Mc_dist,9095.0,1684.0,12317.0,4774.0,0.7682813060638679,0.8437702940903609,0.6557790756363112,0.8797228769373616,0.7379909120415451,0.7677509762868364,0.8034140243446142,0.8674999999999999,0.5497815831546703,0.6620503387591027,0.5360649619572126,0.12027712306263838,0.3442209243636888,0.7206716985547951,5.452234464361041,0.3912833613717632
IGRP_WF_90_Mc_dist,7512.0,745.0,13256.0,6357.0,0.7451740222461428,0.9097735254935206,0.5416396279472204,0.9467895150346404,0.6790201572810268,0.7442145714909304,0.8133779923396693,1.0,0.5348358550716185,0.5880801416099456,0.4893625867428557,0.05321048496535962,0.4583603720527796,0.6758782440218223,10.179189840119507,0.4841206675551423
IGRP_WF_91_Mc_dist,9042.0,1640.0,12361.0,4827.0,0.7679583781844277,0.8464706983710916,0.6519576032879083,0.8828655096064567,0.7365891409718545,0.7674115564471825,0.8115678870913235,0.975,0.5500134502137892,0.6493683915605329,0.5354030790620012,0.11713449039354333,0.3480423967120917,0.7191645333953921,5.5658892705085385,0.394219043472696
IGRP_WF_92_Mc_dist,7412.0,915.0,13086.0,6457.0,0.735486185862935,0.8901164885312838,0.5344293027615545,0.9346475251767732,0.6678680843395206,0.7345384139691638,0.7885452559451465,0.9775,0.5123965337524732,0.6463955686298581,0.4699620843369304,0.06535247482322691,0.4655706972384455,0.6696003684183595,8.177644445862871,0.4981243567198131
IGRP_WF_93_Mc_dist,8352.0,1161.0,12840.0,5517.0,0.7603875134553283,0.8779564806054873,0.6022063595068138,0.9170773516177416,0.7143956889915319,0.7596418555622777,0.8171225900868231,0.975,0.5475795233886677,0.591472478600531,0.5200536846284304,0.08292264838225841,0.3977936404931862,0.6994606961921883,7.262266356119637,0.4337623645284346
IGRP_WF_94_Mc_dist,3561.0,284.0,13717.0,10308.0,0.6199497667743092,0.9261378413524056,0.2567596798615617,0.9797157345903864,0.40205487185277183,0.6182377072259739,0.804961025594265,1.0,0.3428532155161324,0.6612973915108931,0.2372838566650175,0.0202842654096136,0.7432403201384382,0.5709469302809573,12.658071400499036,0.7586285428488936
IGRP_WF_95_Mc_dist,9003.0,1325.0,12676.0,4866.0,0.7778614998205956,0.8717079783113865,0.6491455764654986,0.9053639025783872,0.7441418357647642,0.7772547395219429,0.8096761642165903,0.995,0.5740680920344169,0.5992143375722703,0.5551776654637917,0.09463609742161276,0.3508544235345014,0.7226085965112302,6.859386578183732,0.3875286197464937
IGRP_WF_96_Mc_dist,7584.0,442.0,13559.0,6285.0,0.7586293505561535,0.9449289808123599,0.5468310620808998,0.968430826369545,0.6927609043160539,0.7576309442252225,0.8108966820860303,0.98,0.5689393023521007,0.6148335149746949,0.516287226320994,0.031569173630454965,0.4531689379191002,0.6832795807296916,17.321678054739092,0.4679414632203939
